region,address,aux addres,latitude,longitude,type,power,service
NDMC,"Prithviraj Market, Rabindra Nagar, New Delhi- 110003","Electric Vehicle Charger, Prithviraj Market, Rabindra Nagar, New Delhi- 110003",28.6007255,77.2262524,DC-001,15 kW,Self Service
NDMC,"Prithviraj Market, Rabindra Nagar, New Delhi- 110003","Electric Vehicle Charger, Prithviraj Market, Rabindra Nagar, New Delhi- 110003",28.6007255,77.2262524,DC-001,15 kW,Self Service
NDMC,"Outside RWA Park, Jor Bagh Market, Jor Bagh Colony Road, New Delhi- 110003","Electric Vehicle Charger, Outside RWA Park, Jor Bagh Market, Jor Bagh Colony Road, New Delhi- 110003",28.5883031,77.2176972,DC-001,15 kW,Self Service
NDMC,"Opposite Dory Pharmacy, Khanna Market, Aliganj, Lodhi Colony, New Delhi- 110003","Electric Vehicle Charger, Opposite Dory Pharmacy, Khanna Market, Aliganj, Lodhi Colony, New Delhi- 110003",28.5826538,77.2200872,DC-001,15 kW,Self Service
NDMC,"Opposite Goel Opticals, Khanna Market, Aliganj, Lodhi Colony, New Delhi- 110003","Electric Vehicle Charger, Opposite Goel Opticals, Khanna Market, Aliganj, Lodhi Colony, New Delhi- 110003",28.584485,77.220316,DC-001,15 kW,Self Service
NDMC,"Dharma Marg, Block Y, Diplomatic Enclave, Malcha Market, New Delhi- 110021","Electric Vehicle Charger, Dharma Marg, Block Y, Diplomatic Enclave, Malcha Market, New Delhi- 110021",28.6023562,77.1866178,DC-001,15 kW,Self Service
NDMC,"Outside Westend Vedi Tailors, Bock M, Middle Circle, Connaught Place, New Delhi- 110001","Electric Vehicle Charger, Outside Westend Vedi Tailors, Bock M, Middle Circle, Connaught Place, New Delhi- 110001",28.6336861,77.2181403,DC-001,15 kW,Self Service
NDMC,"Near NDMC Office, Fire Brigade Lane, Barakhamba, New Delhi- 110001","Electric Vehicle Charger, Near NDMC Office, Fire Brigade Lane, Barakhamba, New Delhi- 110001",28.6304482,77.2255578,DC-001,15 kW,Self Service
NDMC,"Near Bikanervala, Yashwant Place, Chanakyapuri, New Delhi- 110021","Electric Vehicle Charger, Near Bikanervala, Yashwant Place, Chanakyapuri, New Delhi- 110021",28.5838828,77.163408,DC-001,15 kW,Self Service
NDMC,"Khan Market, Rabindra Nagar, New Delhi- 110003","Electric Vehicle Charger, Khan Market, Rabindra Nagar, New Delhi- 110003",28.6003333,77.2268889,DC-001,15 kW,Self Service
NDMC,"Outside Devinder Collections, Shankar Market, Connaught Place, New Delhi- 110001","Electric Vehicle Charger, Outside Devinder Collections, Shankar Market, Connaught Place, New Delhi- 110001",28.633675,77.2234929,DC-001,15 kW,Self Service
NDMC,"Opposite HDFC Bank, M- Block, , Connaught Place, New Delhi- 110001","Electric Vehicle Charger, Opposite HDFC Bank, M- Block, , Connaught Place, New Delhi- 110001",28.6325843,77.2229787,DC-001,15 kW,Self Service
NDMC,"Outside Oriental Bank, Radial Road No. 7, Block M, Connaught Place, New Delhi- 110001","Electric Vehicle Charger, Outside Oriental Bank, Radial Road No. 7, Block M, Connaught Place, New Delhi- 110001",28.6317294,77.2221076,DC-001,15 kW,Self Service
NDMC,"Outside Jain Bhawan, 12 Shaheed Bhagat Singh Marg, Gole Market, New Delhi- 110001","Electric Vehicle Charger, Outside Jain Bhawan, 12 Shaheed Bhagat Singh Marg, Gole Market, New Delhi- 110001",28.633841,77.2074439,DC-001,15 kW,Self Service
NDMC,"NDMC Parking,  Near Ferns n Petals, Near BPCL Petrol Pump,  C Block RR5, Connaught Place,  New Delhi- 110001","Electric Vehicle Charger, NDMC Parking,  Near Ferns n Petals, Near BPCL Petrol Pump,  C Block RR5, Connaught Place,  New Delhi- 110001",28.6281626,77.2155151,DC-001,15 kW,Self Service
NDMC,"NDMC Parking,  Near Croma, D Block RR5,  Opposite BPCL Petrol Pump,  Connaught Place, New Delhi- 110001","Electric Vehicle Charger, NDMC Parking,  Near Croma, D Block RR5,  Opposite BPCL Petrol Pump,  Connaught Place, New Delhi- 110001",28.6281626,77.2155151,DC-001,15 kW,Self Service
NDMC,"Next to PVR Plaza, H Block RR4, Connaught Place, New Delhi- 110001","Electric Vehicle Charger, Next to PVR Plaza, H Block RR4, Connaught Place, New Delhi- 110001",28.6350113,77.2196112,DC-001,15 kW,Self Service
NDMC,"Opposite South Indian Bank, Block E, RR6, Middle Circle, Connaught Place, New Delhi- 110001","Electric Vehicle Charger, Opposite South Indian Bank, Block E, RR6, Middle Circle, Connaught Place, New Delhi- 110001",28.6338828,77.2215424,DC-001,15 kW,Self Service
NDMC,"Opposite HP Petrol Pump, Block E, Middle Circle, Connaught Place, New Delhi- 110001","Electric Vehicle Charger, Opposite HP Petrol Pump, Block E, Middle Circle, Connaught Place, New Delhi- 110001",28.6318964,77.2215824,DC-001,15 kW,Self Service
NDMC,"Outside Standard Chartered Bank, Sardar Patel Bhawan, Sansad Marg, New Delhi- 110001","Electric Vehicle Charger, Outside Standard Chartered Bank, Sardar Patel Bhawan, Sansad Marg, New Delhi- 110001",28.6242518,77.2125818,DC-001,15 kW,Self Service
NDMC,"Sarojini Nagar Market, Sarojini Nagar, New Delhi- 110023","Electric Vehicle Charger, Sarojini Nagar Market, Sarojini Nagar, New Delhi- 110023",28.5772318,77.1972385,DC-001,15 kW,Self Service
NDMC,"Outside Iqbal Bros., G1, Block G, Connaught Place, New Delhi- 110001","Electric Vehicle Charger, Outside Iqbal Bros., G1, Block G, Connaught Place, New Delhi- 110001",28.6337975,77.2174553,DC-001,15 kW,Self Service
NDMC,"Palika Maternity Hospital, Block 11, Lodhi Colony, Near Khanna Market, New Delhi 110003","Electric Vehicle Charger, Palika Maternity Hospital, Block 11, Lodhi Colony, Near Khanna Market, New Delhi 110003",28.5838046,77.2218225,DC-001,15 kW,Self Service
NDMC,"Outside Chelmsford Club/ Opposite CSIR Building, Rafi Marg, Sansad Marg Area, New Delhi 110001","Electric Vehicle Charger, Outside Chelmsford Club/ Opposite CSIR Building, Rafi Marg, Sansad Marg Area, New Delhi 110001",28.617783,77.2129959,DC-001,15 kW,Self Service
NDMC,"Outside Chelmsford Club/ Opposite CSIR Building, Rafi Marg, Sansad Marg Area, New Delhi 110001","Electric Vehicle Charger, Outside Chelmsford Club/ Opposite CSIR Building, Rafi Marg, Sansad Marg Area, New Delhi 110001",28.617783,77.2129959,DC-001,15 kW,Self Service
NDMC,"FICCI, FICCI Chowk, Mandi House, Todermal Road Area, Mandi House, New Delhi110001","Electric Vehicle Charger, FICCI, FICCI Chowk, Mandi House, Todermal Road Area, Mandi House, New Delhi110001",28.6268691,77.231853,DC-001,15 kW,Self Service
NDMC,"Charak Palika Hospital, C7 Lane, Moti Bagh 1, Blok F, New Moti Bagh, New Delhi 110021","Electric Vehicle Charger, Charak Palika Hospital, C7 Lane, Moti Bagh 1, Blok F, New Moti Bagh, New Delhi 110021",28.5852879,77.177094,DC-001,15 kW,Self Service
NDMC,"PSOI Club, Chanakyapuri, New Delhi 110021","Electric Vehicle Charger, PSOI Club, Chanakyapuri, New Delhi 110021",28.586617,77.19364,DC-001,15 kW,Self Service
NDMC,"PSOI Club, Chanakyapuri, New Delhi 110021","Electric Vehicle Charger, PSOI Club, Chanakyapuri, New Delhi 110021",28.586617,77.19364,DC-001,15 kW,Self Service
NDMC,"Near Snow White, Block D, Inner Circle, Connaught Place, New Delhi 110001","Electric Vehicle Charger, Near Snow White, Block D, Inner Circle, Connaught Place, New Delhi 110001",28.6336306,77.220579,DC-001,15 kW,Self Service
NDMC,"Outside Van Heusen Showroom, Block C, Inner Circle, Connaught Place, New Delhi 110001","Electric Vehicle Charger, Outside Van Heusen Showroom, Block C, Inner Circle, Connaught Place, New Delhi 110001",28.6329899,77.2179805,DC-001,15 kW,Self Service
NDMC,"16-B, Woodland Showroom, Block B, Connaught Place, New Delhi 110001","Electric Vehicle Charger, 16-B, Woodland Showroom, Block B, Connaught Place, New Delhi 110001",28.6340719,77.2187798,DC-001,15 kW,Self Service
CMRL,Nandanam Metro station Chennai  (CMRL),"Electric Vehicle Charger, Nandanam Metro station Chennai  (CMRL)",12.9959222,80.2102867,DC-001,15 kW,Self Service
CMRL,Nandanam Metro station Chennai  (CMRL),"Electric Vehicle Charger, Nandanam Metro station Chennai  (CMRL)",12.9959222,80.2102867,AC-001,10(3.3 kW each),Self Service
Maha Metro,"Nagpur Airport Metro Station, Nagpur","Electric Vehicle Charger, Nagpur Airport Metro Station, Nagpur",21.0868801,79.0635586,DC-001,15 kW,Self Service
Maha Metro,"Nagpur Airport Metro Station, Nagpur","Electric Vehicle Charger, Nagpur Airport Metro Station, Nagpur",21.0868801,79.0635586,AC-001,10(3.3 kW each),Self Service
NDMC,"Yashwant Place, Chanakyapuri, New Delhi- 110021","Electric Vehicle Charger, Yashwant Place, Chanakyapuri, New Delhi- 110021",28.5853056,77.191,DC-001,15 kW,Self Service
NDMC,"Outside Bharat Sanchar Bhawan, Ashoke Road, Janpath, New Delhi- 110001","Electric Vehicle Charger, Outside Bharat Sanchar Bhawan, Ashoke Road, Janpath, New Delhi- 110001",28.6222241,77.2142492,DC-001,15 kW,Self Service
NDMC,"Dharma Marg, Block Y, Diplomatic Enclave, Malcha Market, New Delhi- 110021","Electric Vehicle Charger, Dharma Marg, Block Y, Diplomatic Enclave, Malcha Market, New Delhi- 110021",28.6023562,77.1866178,DC-001,15 kW,Self Service
NDMC,"Charak Palika Hospital, C7 Lane, Moti Bagh 1, Blok F, New Moti Bagh, New Delhi 110021","Electric Vehicle Charger, Charak Palika Hospital, C7 Lane, Moti Bagh 1, Blok F, New Moti Bagh, New Delhi 110021",28.5852879,77.177094,DC-001,15 kW,Self Service
NDMC,"Gate No. 1, Lodhi Garden, Lodhi Estate, Lodhi Road, New Delhi 110003","Electric Vehicle Charger, Gate No. 1, Lodhi Garden, Lodhi Estate, Lodhi Road, New Delhi 110003",28.5907109,77.2242844,DC-001,15 kW,Self Service
NDMC,"Akashvani Bhawan, Sansad Marg, New Delhi 110001","Electric Vehicle Charger, Akashvani Bhawan, Sansad Marg, New Delhi 110001",28.6245157,77.2135555,DC-001,15 kW,Self Service
NDMC,"Opposite IVORY Mart, F Block, Inner Circle, Connaught Place, New Delhi 110001","Electric Vehicle Charger, Opposite IVORY Mart, F Block, Inner Circle, Connaught Place, New Delhi 110001",28.5503609,77.2139161,DC-001,15 kW,Self Service
NDMC,"Near ICICI Bank/Metro Gate No. 7 & 8, Block A, Inner Circle, Connaught Place, New Delhi 110001","Electric Vehicle Charger, Near ICICI Bank/Metro Gate No. 7 & 8, Block A, Inner Circle, Connaught Place, New Delhi 110001",28.632723,77.217847,DC-001,15 kW,Self Service
NDMC,"Gopal Das Building, Barakhamba Road, Connaught Lane, Barakhamba, New Delhi110001","Electric Vehicle Charger, Gopal Das Building, Barakhamba Road, Connaught Lane, Barakhamba, New Delhi110001",28.6325843,77.2229787,DC-001,15 kW,Self Service
NDMC,"Outside UCO Bank, Block H, RR3, Connaught Place, New Delhi","Electric Vehicle Charger, Outside UCO Bank, Block H, RR3, Connaught Place, New Delhi",28.6351128,77.2184205,DC-001,15 kW,Self Service
NDMC,"Press Club of India, 1, Raisina Road, Windsor Place, New Delhi110001","Electric Vehicle Charger, Press Club of India, 1, Raisina Road, Windsor Place, New Delhi110001",28.6171933,77.2136452,DC-001,15 kW,Self Service
NDMC,"Post Office, Laxmi Bai Nagar, Safderjung Flyover, New Delhi","Electric Vehicle Charger, Post Office, Laxmi Bai Nagar, Safderjung Flyover, New Delhi",28.578452,77.209231,DC-001,15 kW,Self Service
Noida Authority,"Electronic City , Metro Station parking gate no.2, Noida - 201301","Electric Vehicle Charger, Electronic City , Metro Station parking gate no.2, Noida - 201301",28.627941,77.37493,DC-001,15 kW,Self Service
Noida Authority,"H Block market, Haldiram, Car parking , sector - 63 , Noida - 201301","Electric Vehicle Charger, H Block market, Haldiram, Car parking , sector - 63 , Noida - 201301",28.6265817,77.3752161,DC-001,15 kW,Self Service
NDMC,"Side of Hotel Claridges, Tees January Marg, Dr. APJ Abdul Kalam Road, New Delhi- 110003","Electric Vehicle Charger, Side of Hotel Claridges, Tees January Marg, Dr. APJ Abdul Kalam Road, New Delhi- 110003",28.602443,77.217889,DC-001,15 kW,Self Service
NDMC,"Gate No. 1, Lodhi Garden, Lodhi Estate, Lodhi Road, New Delhi 110003","Electric Vehicle Charger, Gate No. 1, Lodhi Garden, Lodhi Estate, Lodhi Road, New Delhi 110003",28.5907109,77.2242844,DC-001,15 kW,Self Service
NDMC,"Talkatora Garden, President's Estate, New Delhi110004","Electric Vehicle Charger, Talkatora Garden, President's Estate, New Delhi110004",28.6248358,77.1952435,DC-001,15 kW,Self Service
NDMC,"Talkatora Garden, President's Estate, New Delhi110004","Electric Vehicle Charger, Talkatora Garden, President's Estate, New Delhi110004",28.6248358,77.1952435,DC-001,15 kW,Self Service
NDMC,"Talkatora Stadium, President's Estate, New Delhi110004","Electric Vehicle Charger, Talkatora Stadium, President's Estate, New Delhi110004",28.6252943,77.1952344,DC-001,15 kW,Self Service
NDMC,"Indian Coffee House, Connaught Place, New Delhi","Electric Vehicle Charger, Indian Coffee House, Connaught Place, New Delhi",28.6308096,77.2161583,DC-001,15 kW,Self Service
NDMC,"Talkatora Garden, President's Estate, New Delhi110004","Electric Vehicle Charger, Talkatora Garden, President's Estate, New Delhi110004",28.6248358,77.1952435,DC-001,15 kW,Self Service
NDMC,"Talkatora Stadium, President's Estate, New Delhi110004","Electric Vehicle Charger, Talkatora Stadium, President's Estate, New Delhi110004",28.6252943,77.1952344,DC-001,15 kW,Self Service
CMRL,"High Court Metro Station, Chennai","Electric Vehicle Charger, High Court Metro Station, Chennai",13.0318485,80.241973,DC-001,15 kW,Self Service
CMRL,"High Court Metro Station, Chennai","Electric Vehicle Charger, High Court Metro Station, Chennai",13.0318485,80.241973,AC-001,10(3.3 kW each),Self Service
CMRL,"Koyam Bedu  Metro Station, Chennai","Electric Vehicle Charger, Koyam Bedu  Metro Station, Chennai",13.1092809,80.1523462,DC-001,15 kW,Self Service
CMRL,"Koyam Bedu  Metro Station, Chennai","Electric Vehicle Charger, Koyam Bedu  Metro Station, Chennai",13.1092809,80.1523462,AC-001,10(3.3 kW each),Self Service
CMRL,"Anna Nagar East Metro Station, Chennai (CMRL)","Electric Vehicle Charger, Anna Nagar East Metro Station, Chennai (CMRL)",12.9959222,80.2102867,DC-001,15 kW,Self Service
CMRL,"Anna Nagar East Metro Station, Chennai (CMRL)","Electric Vehicle Charger, Anna Nagar East Metro Station, Chennai (CMRL)",12.9959222,80.2102867,AC-001,10(3.3 kW each),Self Service
NDMC,"NMDC Parking, Dilli Haat, West Kidwai Nagar, New Delhi 110023","Electric Vehicle Charger, NMDC Parking, Dilli Haat, West Kidwai Nagar, New Delhi 110023",28.5772318,77.1972385,DC-001,15 kW,Self Service
NDMC,"Hotel Claridges, Tees January Marg, Dr. APJ Abdul Kalam Road, New Delhi- 110003","Electric Vehicle Charger, Hotel Claridges, Tees January Marg, Dr. APJ Abdul Kalam Road, New Delhi- 110003",28.602443,77.217889,DC-001,15 kW,Self Service
NDMC,"Janpath Guest House, Connaught Place, New Delhi","Electric Vehicle Charger, Janpath Guest House, Connaught Place, New Delhi",28.623779,77.218963,DC-001,15 kW,Self Service
SDMC,"EESL N-Block GK-1, SDMC parking New Delhi","Electric Vehicle Charger, EESL N-Block GK-1, SDMC parking New Delhi",28.5568413,77.2340489,DC-001,15 kW,Self Service
SDMC,"SDMC Parking, B6, Safderjung Enclave","Electric Vehicle Charger, SDMC Parking, B6, Safderjung Enclave",28.5503609,77.2139161,DC-001,15 kW,Self Service
SDMC,"SDMC Parking, SDA Market, Hauz Khas, New Delhi, Delhi 110016","Electric Vehicle Charger, SDMC Parking, SDA Market, Hauz Khas, New Delhi, Delhi 110016",28.5463909,77.1963545,DC-001,15 kW,Self Service
SDMC,"SDMC Parking, Aurbindo Market Place,Hauz Khas, New Delhi, Delhi 110016","Electric Vehicle Charger, SDMC Parking, Aurbindo Market Place,Hauz Khas, New Delhi, Delhi 110016",28.5453944,77.1908225,DC-001,15 kW,Self Service
SDMC,"SDMC Parking, R Block, GK-1, DELHI-110016","Electric Vehicle Charger, SDMC Parking, R Block, GK-1, DELHI-110016",28.5500136,77.2448704,DC-001,15 kW,Self Service
NKDA,"Near Tank No 3, Opp Goutams, Street Number 24,Sub Central Business District Action Area 1, Action Area I, Newtown West Bengal 700156","Electric Vehicle Charger, Near Tank No 3, Opp Goutams, Street Number 24,Sub Central Business District Action Area 1, Action Area I, Newtown West Bengal 700156",22.579939,88.4531807,DC-001,15 kW,Self Service
NKDA,"Near Tank No 3, Opp Goutams, Street Number 24,Sub Central Business District Action Area 1, Action Area I, Newtown West Bengal 700156","Electric Vehicle Charger, Near Tank No 3, Opp Goutams, Street Number 24,Sub Central Business District Action Area 1, Action Area I, Newtown West Bengal 700156",22.579939,88.4531807,AC-001,10(3.3 kW each),Self Service
NKDA,"NKDA New Town Business Club Parking Lot, AE Block(Newtown), Newtown, West Bengal 700059","Electric Vehicle Charger, NKDA New Town Business Club Parking Lot, AE Block(Newtown), Newtown, West Bengal 700059",22.585303,88.4569056,DC-001,15 kW,Self Service
NKDA,"NKDA New Town Business Club Parking Lot, AE Block(Newtown), Newtown, West Bengal 700059","Electric Vehicle Charger, NKDA New Town Business Club Parking Lot, AE Block(Newtown), Newtown, West Bengal 700059",22.585303,88.4569056,AC-001,10(3.3 kW each),Self Service
NKDA,"Parking Lot, 7 Wonders, Gate No 4, Eco Park Entry Plaza, AA IIB, Newtown, Kolkata, West Bengal 700135","Electric Vehicle Charger, Parking Lot, 7 Wonders, Gate No 4, Eco Park Entry Plaza, AA IIB, Newtown, Kolkata, West Bengal 700135",22.603134,88.4671428,DC-001,15 kW,Self Service
NKDA,"Parking Lot, 7 Wonders, Gate No 4, Eco Park Entry Plaza, AA IIB, Newtown, Kolkata, West Bengal 700135","Electric Vehicle Charger, Parking Lot, 7 Wonders, Gate No 4, Eco Park Entry Plaza, AA IIB, Newtown, Kolkata, West Bengal 700135",22.603134,88.4671428,AC-001,10(3.3 kW each),Self Service
NKDA,"Parking Lot Golf Club, Gate no. 6, Ecopark, Deshbandhu Nagar, Rekjuani, West Bengal 700156","Electric Vehicle Charger, Parking Lot Golf Club, Gate no. 6, Ecopark, Deshbandhu Nagar, Rekjuani, West Bengal 700156",22.5833562,88.4593418,DC-001,15 kW,Self Service
NKDA,"Parking Lot Golf Club, Gate no. 6, Ecopark, Deshbandhu Nagar, Rekjuani, West Bengal 700156","Electric Vehicle Charger, Parking Lot Golf Club, Gate no. 6, Ecopark, Deshbandhu Nagar, Rekjuani, West Bengal 700156",22.5833562,88.4593418,AC-001,10(3.3 kW each),Self Service
NKDA,"NKDA Parking Lot, Beside Tata Memorial Cancer Hospital , 14, MAR(E-W), DH Block(Newtown), Action Area I, Newtown, Kolkata, West Bengal 700160","Electric Vehicle Charger, NKDA Parking Lot, Beside Tata Memorial Cancer Hospital , 14, MAR(E-W), DH Block(Newtown), Action Area I, Newtown, Kolkata, West Bengal 700160",22.5770971,88.4796319,DC-001,15 kW,Self Service
NKDA,"NKDA Parking Lot, Beside Tata Memorial Cancer Hospital , 14, MAR(E-W), DH Block(Newtown), Action Area I, Newtown, Kolkata, West Bengal 700160","Electric Vehicle Charger, NKDA Parking Lot, Beside Tata Memorial Cancer Hospital , 14, MAR(E-W), DH Block(Newtown), Action Area I, Newtown, Kolkata, West Bengal 700160",22.5770971,88.4796319,AC-001,10(3.3 kW each),Self Service
NKDA,"NKDA Parking Lot, Beside Axis Mall, CF Block Newtown, Action Area 1C, Newtown, Kolkata, West Bengal 700156","Electric Vehicle Charger, NKDA Parking Lot, Beside Axis Mall, CF Block Newtown, Action Area 1C, Newtown, Kolkata, West Bengal 700156",22.5796534,88.459843,DC-001,15 kW,Self Service
NKDA,"NKDA Parking Lot, Beside Axis Mall, CF Block Newtown, Action Area 1C, Newtown, Kolkata, West Bengal 700156","Electric Vehicle Charger, NKDA Parking Lot, Beside Axis Mall, CF Block Newtown, Action Area 1C, Newtown, Kolkata, West Bengal 700156",22.5796534,88.459843,AC-001,10(3.3 kW each),Self Service
Noida Authority,"Ganga Shopping Complex, Sector 29, Noida, Uttar Pradesh 201301","Electric Vehicle Charger, Ganga Shopping Complex, Sector 29, Noida, Uttar Pradesh 201301",28.5721498,77.3375462,DC-001,15 kW,Self Service
Noida Authority,"Near RTO OfficeSector 33A, Noida, Ghaziabad, Uttar Pradesh, 201301, India","Electric Vehicle Charger, Near RTO OfficeSector 33A, Noida, Ghaziabad, Uttar Pradesh, 201301, India",28.5821195,77.3266991,DC-001,15 kW,Self Service
Noida Authority,"Sector 15, Nithari, Noida, Dadri, Gautam Buddha Nagar, Uttar Pradesh, 201301, India","Electric Vehicle Charger, Sector 15, Nithari, Noida, Dadri, Gautam Buddha Nagar, Uttar Pradesh, 201301, India",28.6265817,77.3752161,DC-001,15 kW,Self Service
Noida Authority,"road between sector 124 & 125 and beside SPCl Sector Road, Noida, Uttar Pradesh, 201313","Electric Vehicle Charger, road between sector 124 & 125 and beside SPCl Sector Road, Noida, Uttar Pradesh, 201313",28.5481935,77.3221938,DC-001,15 kW,Self Service
Noida Authority,Between kirti mann plaza and NMC hospital Sector 30 Noida,"Electric Vehicle Charger, Between kirti mann plaza and NMC hospital Sector 30 Noida",28.5727977,77.340531,DC-001,15 kW,Self Service
Noida Authority,"Sector 142, Noida, Uttar Pradesh, 201305","Electric Vehicle Charger,  Sector 142, Noida, Uttar Pradesh, 201305",28.6265817,77.3752161,DC-001,15 kW,Self Service
NDMC,"Outside Chelmsford Club/ Opposite CSIR Building, Rafi Marg, Sansad Marg Area, New Delhi 110001","Electric Vehicle Charger, Outside Chelmsford Club/ Opposite CSIR Building, Rafi Marg, Sansad Marg Area, New Delhi 110001",28.617783,77.2129959,CCS/ChADEMO/ Type 2 AC,142kW,Self Service
NDMC,"Outside Chelmsford Club/ Opposite CSIR Building, Rafi Marg, Sansad Marg Area, New Delhi 110001","Electric Vehicle Charger, Outside Chelmsford Club/ Opposite CSIR Building, Rafi Marg, Sansad Marg Area, New Delhi 110001",28.617783,77.2129959,CCS/ChADEMO/ Type 2 AC,142kW,Self Service
NDMC,"Gate No. 1, Lodhi Garden, Lodhi Estate, Lodhi Road, New Delhi 110003","Electric Vehicle Charger, Gate No. 1, Lodhi Garden, Lodhi Estate, Lodhi Road, New Delhi 110003",28.5907109,77.2242844,CCS/ChADEMO/ Type 2 AC,142kW,Self Service
NDMC,"Gate No. 1, Lodhi Garden, Lodhi Estate, Lodhi Road, New Delhi 110003","Electric Vehicle Charger, Gate No. 1, Lodhi Garden, Lodhi Estate, Lodhi Road, New Delhi 110003",28.5907109,77.2242844,CCS/ChADEMO/ Type 2 AC,142kW,Self Service
NDMC,"Outside Chelmsford Club/ Opposite CSIR Building, Rafi Marg, Sansad Marg Area, New Delhi 110001","Electric Vehicle Charger, Outside Chelmsford Club/ Opposite CSIR Building, Rafi Marg, Sansad Marg Area, New Delhi 110001",28.617783,77.2129959,CCS/ChADEMO/ Type 2 AC,142kW,Self Service
NDMC,"Outside Chelmsford Club/ Opposite CSIR Building, Rafi Marg, Sansad Marg Area, New Delhi 110001","Electric Vehicle Charger, Outside Chelmsford Club/ Opposite CSIR Building, Rafi Marg, Sansad Marg Area, New Delhi 110001",28.617783,77.2129959,CCS/ChADEMO/ Type 2 AC,142kW,Self Service
NDMC,"NMDC Parking, Dilli Haat, West Kidwai Nagar, New Delhi 110023","Electric Vehicle Charger, NMDC Parking, Dilli Haat, West Kidwai Nagar, New Delhi 110023",28.5772318,77.1972385,CCS/ChADEMO/ Type 2 AC,142kW,Self Service
Noida Authority,"Op. C&R Textiles Ltd, sector-60, Noida","Electric Vehicle Charger, Op. C&R Textiles Ltd, sector-60, Noida",28.6021486,77.3627249,DC-001,15 kW,Self Service
Noida Authority,"Near Tata Advance Systems, sector- 59, Noida","Electric Vehicle Charger, Near Tata Advance Systems, sector- 59, Noida",28.6075627,77.3683319,DC-001,15 kW,Self Service
Noida Authority,"In front of Marie gold exports ltd, A block, sector-64, Noida","Electric Vehicle Charger, In front of Marie gold exports ltd, A block, sector-64, Noida",28.611892,77.3762261,DC-001,15 kW,Self Service
Noida Authority,"In front of Hexagon pvt ltd, sector-65, Noida","Electric Vehicle Charger, In front of Hexagon pvt ltd, sector-65, Noida",28.6127633,77.3871319,DC-001,15 kW,Self Service
SDMC,"Charger 4,c/o SDMC, GK-1 N Block market, New Delhi,, Delhi - 110048","Electric Vehicle Charger, Charger 4,c/o SDMC, GK-1 N Block market, New Delhi,, Delhi - 110048",28.5730519,77.1735339,CCS/ChADEMO/ Type 2 AC,142kW,Self Service
SDMC,"Charger 5, c/o SDMC, GK-1 N Block market, New Delhi,, Delhi - 110048","Electric Vehicle Charger, Charger 5, c/o SDMC, GK-1 N Block market, New Delhi,, Delhi - 110048",28.5730519,77.1735339,CCS/ChADEMO/ Type 2 AC,142kW,Self Service
SDMC,"EESL PVR Priya Vasant Vihar, SDMC parking New Delhi, Near Gold's Gym","Electric Vehicle Charger, EESL PVR Priya Vasant Vihar, SDMC parking New Delhi, Near Gold's Gym",28.5576621,77.1576843,DC-001,15 kW,Self Service
SDMC,"EESL PVR Priya Vasant Vihar, SDMC parking New Delhi, Near Plot 7","Electric Vehicle Charger, EESL PVR Priya Vasant Vihar, SDMC parking New Delhi, Near Plot 7",28.5576621,77.1576843,DC-001,15 kW,Self Service
SDMC,"EV Parking Slot 3-5, SDMC Parking, Hauz Khas Village, Hauz Khas, 110016","Electric Vehicle Charger, EV Parking Slot 3-5, SDMC Parking, Hauz Khas Village, Hauz Khas, 110016",28.5533997,77.1941654,CCS/ChADEMO/ Type 2 AC,142kW,Self Service
SDMC,"EV Parking Slot 5, SDMC Parking, Hauz Khas Village, Hauz Khas, 110016","Electric Vehicle Charger, EV Parking Slot 5, SDMC Parking, Hauz Khas Village, Hauz Khas, 110016",28.5533997,77.1941654,CCS/ChADEMO/ Type 2 AC,142kW,Self Service
SDMC,"J-Block, Malviya Nagar, parking New Delhi","Electric Vehicle Charger, J-Block, Malviya Nagar, parking New Delhi",28.5836863,77.0801998,DC-001,15 kW,Self Service
SDMC,"J-Block, Malviya Nagar, parking New Delhi","Electric Vehicle Charger, J-Block, Malviya Nagar, parking New Delhi",28.5836863,77.0801998,DC-001,15 kW,Self Service
SDMC,"Veer Savarkar Marg, Lajpat Nagar, SDMC parking New Delhi","Electric Vehicle Charger, Veer Savarkar Marg, Lajpat Nagar, SDMC parking New Delhi",28.571886,77.242384,DC-001,15 kW,Self Service
SDMC,"Feroze Gandhi Road, Lajpat Nagar, SDMC parking New Delhi","Electric Vehicle Charger, Feroze Gandhi Road, Lajpat Nagar, SDMC parking New Delhi",28.6428915,77.2190894,DC-001,15 kW,Self Service
SDMC,"Meharchand Market, SDMC parking, New Delhi","Electric Vehicle Charger, Meharchand Market, SDMC parking, New Delhi",28.5860181,77.2279415,DC-001,15 kW,Self Service
SDMC,"EESL H-Block, Sarita Vihar, SDMC parking New Delhi","Electric Vehicle Charger, EESL H-Block, Sarita Vihar, SDMC parking New Delhi",28.534966,77.291393,DC-001,15 kW,Self Service
SDMC,"EESL, Plot 81-85, Nehru Place, SDMC Parking, New Delhi","Electric Vehicle Charger, EESL, Plot 81-85, Nehru Place, SDMC Parking, New Delhi",28.5488714,77.2541062,DC-001,15 kW,Self Service
NRANVP,"NRANVP, PARYAVAS BHAWAN, NORTH BLOCK, SECTOR 19, NAYA RAYPUR MARG, ATAL NAGAR RAIPUR","Electric Vehicle Charger, NRANVP, PARYAVAS BHAWAN, NORTH BLOCK, SECTOR 19, NAYA RAYPUR MARG, ATAL NAGAR RAIPUR",21.1642265,81.7886588,DC-001,15 kW,Self Service
NRANVP,"CBDNAVA RAIPUR MARG, SECTOR 21,KAYABANDHA, ATAL NAGAR RAIPUR DIST. 492101 Chhatisgarh","Electric Vehicle Charger, CBDNAVA RAIPUR MARG, SECTOR 21,KAYABANDHA, ATAL NAGAR RAIPUR DIST. 492101 Chhatisgarh",21.1700582,81.7714469,DC-001,15 kW,Self Service
Noida Authority,"Diagonally op. Sasta Sundar Hospital, sector- 58, Noida","Electric Vehicle Charger, Diagonally op. Sasta Sundar Hospital, sector- 58, Noida",28.6067511,77.3597194,DC-001,15 kW,Self Service
Noida Authority,"In front of affinity salon, sector- 51, Noida","Electric Vehicle Charger, In front of affinity salon, sector- 51, Noida",28.5773143,77.3609538,DC-001,15 kW,Self Service
Noida Authority,"Side parking of HCL building, sector-8, Noida","Electric Vehicle Charger, Side parking of HCL building, sector-8, Noida",28.5951643,77.328135,DC-001,15 kW,Self Service
Noida Authority,"Opp C-101 Jain air travels, sector-2, Noida","Electric Vehicle Charger, Opp C-101 Jain air travels, sector-2, Noida",28.5846875,77.3159296,DC-001,15 kW,Self Service
Noida Authority,"H Block market, Haldiram, Car parking , sector - 63 , Noida - 201301","Electric Vehicle Charger, H Block market, Haldiram, Car parking , sector - 63 , Noida - 201301",28.6265817,77.3752161,CCS/ChADEMO/ Type 2 AC,142kW,Self Service
Noida Authority,"H Block market, Haldiram, Car parking , sector - 63 , Noida - 201301","Electric Vehicle Charger, H Block market, Haldiram, Car parking , sector - 63 , Noida - 201301",28.6265817,77.3752161,CCS/ChADEMO/ Type 2 AC,142kW,Self Service
Noida Authority,"Electronic City , Metro Station parking gate no.2, Noida - 201301","Electric Vehicle Charger, Electronic City , Metro Station parking gate no.2, Noida - 201301",28.627941,77.37493,CCS/ChADEMO/ Type 2 AC,142kW,Self Service
Noida Authority,"Electronic City , Metro Station parking gate no.2, Noida - 201301","Electric Vehicle Charger, Electronic City , Metro Station parking gate no.2, Noida - 201301",28.627941,77.37493,CCS/ChADEMO/ Type 2 AC,142kW,Self Service
Noida Authority,Between kirti mann plaza and NMC hospital Sector 30 Noida,"Electric Vehicle Charger, Between kirti mann plaza and NMC hospital Sector 30 Noida",28.5727977,77.340531,CCS/ChADEMO/ Type 2 AC,142kW,Self Service
Noida Authority,Between kirti mann plaza and NMC hospital Sector 30 Noida,"Electric Vehicle Charger, Between kirti mann plaza and NMC hospital Sector 30 Noida",28.5727977,77.340531,CCS/ChADEMO/ Type 2 AC,142kW,Self Service
Noida Authority,"Near RTO OfficeSector 33A, Noida, Ghaziabad, Uttar Pradesh, 201301, India","Electric Vehicle Charger, Near RTO OfficeSector 33A, Noida, Ghaziabad, Uttar Pradesh, 201301, India",28.5821195,77.3266991,CCS/ChADEMO/ Type 2 AC,142kW,Self Service
Noida Authority,"Near RTO OfficeSector 33A, Noida, Ghaziabad, Uttar Pradesh, 201301, India","Electric Vehicle Charger, Near RTO OfficeSector 33A, Noida, Ghaziabad, Uttar Pradesh, 201301, India",28.5821195,77.3266991,CCS/ChADEMO/ Type 2 AC,142kW,Self Service
Noida Authority,"road between sector 124 & 125 and beside SPCl Sector Road, Noida, Uttar Pradesh, 201313","Electric Vehicle Charger, road between sector 124 & 125 and beside SPCl Sector Road, Noida, Uttar Pradesh, 201313",28.5481935,77.3221938,CCS/ChADEMO/ Type 2 AC,142kW,Self Service
Noida Authority,"road between sector 124 & 125 and beside SPCl Sector Road, Noida, Uttar Pradesh, 201313","Electric Vehicle Charger, road between sector 124 & 125 and beside SPCl Sector Road, Noida, Uttar Pradesh, 201313",28.5481935,77.3221938,CCS/ChADEMO/ Type 2 AC,142kW,Self Service
Noida Authority,"Sector 142, Near Advan Chowk  Noida, Uttar Pradesh, 201305","Electric Vehicle Charger,  Sector 142, Near Advan Chowk  Noida, Uttar Pradesh, 201305",28.4999533,77.4142541,CCS/ChADEMO/ Type 2 AC,142kW,Self Service
Noida Authority,"Sector 142, Near Advan Chowk  Noida, Uttar Pradesh, 201305","Electric Vehicle Charger,  Sector 142, Near Advan Chowk  Noida, Uttar Pradesh, 201305",28.4999533,77.4142541,CCS/ChADEMO/ Type 2 AC,142kW,Self Service
Noida Authority,"Sector 61 Opposite Shopprix Mall , Noida, Uttar Pradesh, 201305","Electric Vehicle Charger,  Sector 61 Opposite Shopprix Mall , Noida, Uttar Pradesh, 201305",28.5971,77.3649,CCS/ChADEMO/ Type 2 AC,142kW,Self Service
Noida Authority,"Sector 61 Opposite Shopprix Mall , Noida, Uttar Pradesh, 201305","Electric Vehicle Charger,  Sector 61 Opposite Shopprix Mall , Noida, Uttar Pradesh, 201305",28.5971,77.3649,CCS/ChADEMO/ Type 2 AC,142kW,Self Service
Noida Authority,"Sector 50  Central Market, Noida, Uttar Pradesh, 201305","Electric Vehicle Charger,  Sector 50  Central Market, Noida, Uttar Pradesh, 201305",28.5719972,77.3693678,CCS/ChADEMO/ Type 2 AC,142kW,Self Service
Noida Authority,"Sector 50 , Central Market,  Noida, Uttar Pradesh, 201305","Electric Vehicle Charger,  Sector 50 , Central Market,  Noida, Uttar Pradesh, 201305",28.5290983,77.4033806,CCS/ChADEMO/ Type 2 AC,142kW,Self Service
Noida Authority,"Ganga Shopping Complex, Sector 29, Noida, Uttar Pradesh 201301","Electric Vehicle Charger, Ganga Shopping Complex, Sector 29, Noida, Uttar Pradesh 201301",28.5721498,77.3375462,AC-001,10(3.3 kW each),Self Service
Noida Authority,"Ganga Shopping Complex, Sector 29, Noida, Uttar Pradesh 201301","Electric Vehicle Charger, Ganga Shopping Complex, Sector 29, Noida, Uttar Pradesh 201301",28.5721498,77.3375462,AC-001,10(3.3 kW each),Self Service
Noida Authority,Between kirti mann plaza and NMC hospital Sector 30 Noida,"Electric Vehicle Charger, Between kirti mann plaza and NMC hospital Sector 30 Noida",28.5727977,77.340531,AC-001,10(3.3 kW each),Self Service
Noida Authority,Between kirti mann plaza and NMC hospital Sector 30 Noida,"Electric Vehicle Charger, Between kirti mann plaza and NMC hospital Sector 30 Noida",28.5727977,77.340531,AC-001,10(3.3 kW each),Self Service
Noida Authority,"Sector 50  Central Market, Noida, Uttar Pradesh, 201305","Electric Vehicle Charger,  Sector 50  Central Market, Noida, Uttar Pradesh, 201305",28.5719972,77.3693678,AC-001,10(3.3 kW each),Self Service
Noida Authority,"Sector 50  Central Market, Noida, Uttar Pradesh, 201305","Electric Vehicle Charger,  Sector 50  Central Market, Noida, Uttar Pradesh, 201305",28.5719972,77.3693678,AC-001,10(3.3 kW each),Self Service
Noida Authority,"Sector 15, Nithari, Noida, Dadri, Gautam Buddha Nagar, Uttar Pradesh, 201301, India","Electric Vehicle Charger, Sector 15, Nithari, Noida, Dadri, Gautam Buddha Nagar, Uttar Pradesh, 201301, India",28.6265817,77.3752161,AC-001,10(3.3 kW each),Self Service
SDMC,"c/o SDMCHauz Khas VillageNew Delhi,Delhi - 110016","Electric Vehicle Charger, c/o SDMCHauz Khas VillageNew Delhi,Delhi - 110016",28.5471702,77.2002745,CCS/ChADEMO/ Type 2 AC,142kW,Self Service
NDMC,"NMDC Parking, Dilli Haat, West Kidwai Nagar, New Delhi 110023","Electric Vehicle Charger, NMDC Parking, Dilli Haat, West Kidwai Nagar, New Delhi 110023",28.5772318,77.1972385,CCS/ChADEMO/ Type 2 AC,142kW,Self Service
NDMC,"Hotel Claridges, Tees January Marg, Dr. APJ Abdul Kalam Road, New Delhi- 110003","Electric Vehicle Charger, Hotel Claridges, Tees January Marg, Dr. APJ Abdul Kalam Road, New Delhi- 110003",28.602443,77.217889,CCS/ChADEMO/ Type 2 AC,142kW,Self Service
Noida Authority,"Sector 61 Opposite Shopprix Mall , Noida, Uttar Pradesh, 201305","Electric Vehicle Charger,  Sector 61 Opposite Shopprix Mall , Noida, Uttar Pradesh, 201305",28.5971,77.3649,DC-001,15 kW,Self Service
Noida Authority,"Sector 50 , Central Market,  Noida, Uttar Pradesh, 201305","Electric Vehicle Charger,  Sector 50 , Central Market,  Noida, Uttar Pradesh, 201305",28.5290983,77.4033806,DC-001,15 kW,Self Service
CMRL,"Chennai Egmore metro, Chennai (CMRL)","Electric Vehicle Charger,  Chennai Egmore metro, Chennai (CMRL)",13.0730518,80.1938063,DC-001,15 kW,Self Service
CMRL,"Chennai Metro Alandur station Car parking area, Alandur, Chennai 600016","Electric Vehicle Charger, Chennai Metro Alandur station Car parking area, Alandur, Chennai 600016",13.0042155,80.2015482,DC-001,15 kW,Self Service
SDMC,"Charger 6, c/o SDMC, GK-1 N Block market, New Delhi,, Delhi - 110048","Electric Vehicle Charger, Charger 6, c/o SDMC, GK-1 N Block market, New Delhi,, Delhi - 110048",28.5730519,77.1735339,CCS/ChADEMO/ Type 2 AC,142kW,Self Service
SDMC,"EV Parking Slot 3-5, SDMC Parking, N Block Market, Greater Kailash - 1 , 110048","Electric Vehicle Charger, EV Parking Slot 3-5, SDMC Parking, N Block Market, Greater Kailash - 1 , 110048",28.55664,77.2321386,CCS/ChADEMO/ Type 2 AC,142kW,Self Service
SDMC,"EV Parking Slot 5, SDMC Parking, N Block Market, Greater Kailash - 1 , 110048","Electric Vehicle Charger, EV Parking Slot 5, SDMC Parking, N Block Market, Greater Kailash - 1 , 110048",28.55664,77.2321386,DC-001,15 kW,Self Service
SDMC,"EV Parking Slot 2, SDMC Parking, Hauz Khas Village, Hauz Khas - 1 , 110016","Electric Vehicle Charger, EV Parking Slot 2, SDMC Parking, Hauz Khas Village, Hauz Khas - 1 , 110016",28.5730519,77.1735339,DC-001,15 kW,Self Service
SDMC,"Charger 2, SDMC Parking, Hauz Khas Village, New Delhi","Electric Vehicle Charger, Charger 2, SDMC Parking, Hauz Khas Village, New Delhi",28.553693,77.19925,DC-001,15 kW,Self Service
NDMC,"Back of Hotel Claridges Near NDMC Power Sub Station, Tees January Marg, Dr. APJ Abdul Kalam Road, New Delhi- 110003","Electric Vehicle Charger, Back of Hotel Claridges Near NDMC Power Sub Station, Tees January Marg, Dr. APJ Abdul Kalam Road, New Delhi- 110003",28.602443,77.217889,CCS/ChADEMO/ Type 2 AC,142kW,Self Service
Noida Authority,"Charger 1, Sector 2: State Bank of lndia, Noida - UP","Electric Vehicle Charger, Charger 1, Sector 2: State Bank of lndia, Noida - UP",28.5875036,77.31269,CCS/ChADEMO/ Type 2 AC,142kW,Self Service
Noida Authority,"Charger 2, Sector 2: State Bank of lndia, Noida - UP","Electric Vehicle Charger, Charger 2, Sector 2: State Bank of lndia, Noida - UP",28.5355161,77.3910265,CCS/ChADEMO/ Type 2 AC,142kW,Self Service
Noida Authority,"Charger 1, Sector 3: G-1 to G-50, Noida - UP","Electric Vehicle Charger, Charger 1, Sector 3: G-1 to G-50, Noida - UP",28.5355161,77.3910265,CCS/ChADEMO/ Type 2 AC,142kW,Self Service
Noida Authority,"Charger 2, Sector 3: G-1 to G-50, Noida - UP","Electric Vehicle Charger, Charger 2, Sector 3: G-1 to G-50, Noida - UP",28.5355161,77.3910265,CCS/ChADEMO/ Type 2 AC,142kW,Self Service
Noida Authority,"Charger 1, Sector 3: F-7 to F-8, Noida UP","Electric Vehicle Charger, Charger 1, Sector 3: F-7 to F-8, Noida UP",28.5355161,77.3910265,CCS/ChADEMO/ Type 2 AC,142kW,Self Service
Noida Authority,"Charger 2, Sector 3: F-7 to F-8, Noida UP","Electric Vehicle Charger, Charger 2, Sector 3: F-7 to F-8, Noida UP",28.5355161,77.3910265,CCS/ChADEMO/ Type 2 AC,142kW,Self Service
Noida Authority,"Charger 1, Sector 6: Reception Noida Authority, Noida, UP","Electric Vehicle Charger, Charger 1, Sector 6: Reception Noida Authority, Noida, UP",28.5925506,77.3183746,CCS/ChADEMO/ Type 2 AC,142kW,Self Service
Noida Authority,"Charger 2, Sector 6: Reception Noida Authority, Noida, UP","Electric Vehicle Charger, Charger 2, Sector 6: Reception Noida Authority, Noida, UP",28.5925506,77.3183746,CCS/ChADEMO/ Type 2 AC,142kW,Self Service
Noida Authority,"Sector 25A, Spice Mall plot area, Noida Authority, Noida, UP","Electric Vehicle Charger, Sector 25A, Spice Mall plot area, Noida Authority, Noida, UP",28.5862141,77.3411026,CCS/ChADEMO/ Type 2 AC,142kW,Self Service
Noida Authority,"Charger 2, Sec-25A: Spice Mall plot area","Electric Vehicle Charger, Charger 2, Sec-25A: Spice Mall plot area",28.5862141,77.3411026,CCS/ChADEMO/ Type 2 AC,142kW,Self Service
Noida Authority,"Charger 1, Sector 16: Parking near metro station, sector-16, Noida, UP","Electric Vehicle Charger, Charger 1, Sector 16: Parking near metro station, sector-16, Noida, UP",28.5773799,77.3144936,CCS/ChADEMO/ Type 2 AC,142kW,Self Service
Noida Authority,"Charger 2, Sector 16: Parking near metro station, sector-16, Noida, UP","Electric Vehicle Charger, Charger 2, Sector 16: Parking near metro station, sector-16, Noida, UP",28.5773799,77.3144936,CCS/ChADEMO/ Type 2 AC,142kW,Self Service
ANERT,"DTPC office, thiruvananthapuram,Kerala- 605007","Electric Vehicle Charger, DTPC office, thiruvananthapuram,Kerala- 605007",8.5083388,76.9472347,CCS/ChADEMO/ Type 2 AC,142kW,Self Service
NRANVP,"KTDC Tourist Reception Centre Shanmugham road, Ernakulam, Marine drive, Kochi Kerala-682031","Electric Vehicle Charger, KTDC Tourist Reception Centre Shanmugham road, Ernakulam, Marine drive, Kochi Kerala-682031",9.9769209,76.2777812,CCS/ChADEMO/ Type 2 AC,142kW,Self Service
NRANVP,"State Council For Child Welfare, CV Raman Pillai Rd, Near Kerala, Housing Board, Thycaud, Thiruvananthapuram, Kerala 695014","Electric Vehicle Charger, State Council For Child Welfare, CV Raman Pillai Rd, Near Kerala, Housing Board, Thycaud, Thiruvananthapuram, Kerala 695014",8.491622,76.9562469,CCS/ChADEMO/ Type 2 AC,142kW,Self Service
CMRL,"Tirumangalam Metro station, Chennai","Electric Vehicle Charger, Tirumangalam Metro station, Chennai",12.9918445,80.1418013,CCS/ChADEMO/ Type 2 AC,142kW,Self Service
CMRL,"Tirumangalam Metro station, Chennai","Electric Vehicle Charger, Tirumangalam Metro station, Chennai",12.9918445,80.1418013,CCS/ChADEMO/ Type 2 AC,142kW,Self Service
ANERT,"KTDC Tourist Reception Centre Shanmugham road, Ernakulam, Marine drive, Kochi Kerala-682031","Electric Vehicle Charger, KTDC Tourist Reception Centre Shanmugham road, Ernakulam, Marine drive, Kochi Kerala-682031",9.9769209,76.2777812,CCS/ChADEMO/ Type 2 AC,142kW,Self Service
NDMC,"Akashvani Bhawan, Sansad Marg, New Delhi 110001","Electric Vehicle Charger, Akashvani Bhawan, Sansad Marg, New Delhi 110001",28.6245157,77.2135555,CCS/ChADEMO/ Type 2 AC,142kW,Self Service
NDMC,"Akashvani Bhawan, Sansad Marg, New Delhi 110001","Electric Vehicle Charger, Akashvani Bhawan, Sansad Marg, New Delhi 110001",28.6245157,77.2135555,CCS/ChADEMO/ Type 2 AC,142kW,Self Service
NDMC,"FICCI, FICCI Chowk, Mandi House, New Delhi","Electric Vehicle Charger, FICCI, FICCI Chowk, Mandi House, New Delhi",28.6268691,77.231853,CCS/ChADEMO/ Type 2 AC,142kW,Self Service
NDMC,"Near NDMC Office, Fire Brigade Lane, Barakhamba, New Delhi- 110001","Electric Vehicle Charger, Near NDMC Office, Fire Brigade Lane, Barakhamba, New Delhi- 110001",28.6304482,77.2255578,CCS/ChADEMO/ Type 2 AC,142kW,Self Service
NDMC,"Near NDMC Office, Fire Brigade Lane, Barakhamba, New Delhi- 110001","Electric Vehicle Charger, Near NDMC Office, Fire Brigade Lane, Barakhamba, New Delhi- 110001",28.6304482,77.2255578,CCS/ChADEMO/ Type 2 AC,142kW,Self Service
NDMC,"Talkatora Stadium, President's Estate, New Delhi110004","Electric Vehicle Charger, Talkatora Stadium, President's Estate, New Delhi110004",28.6252943,77.1952344,CCS/ChADEMO/ Type 2 AC,142kW,Self Service
NDMC,"Talkatora Garden, President's Estate, New Delhi110004","Electric Vehicle Charger, Talkatora Garden, President's Estate, New Delhi110004",28.6248358,77.1952435,CCS/ChADEMO/ Type 2 AC,142kW,Self Service
SDMC,"c/o SDMCHauz Khas VillageNew Delhi,Delhi - 110016","Electric Vehicle Charger, c/o SDMCHauz Khas VillageNew Delhi,Delhi - 110016",28.5471702,77.2002745,CCS/ChADEMO/ Type 2 AC,142kW,Self Service
SDMC,PVR Priya Vasant  Vihar,"Electric Vehicle Charger, PVR Priya Vasant  Vihar",28.4974825,77.0829777,CCS/ChADEMO/ Type 2 AC,142kW,Self Service
SDMC,"Meharchand Market, New Delhi","Electric Vehicle Charger, Meharchand Market, New Delhi",28.5881111,77.2175556,CCS/ChADEMO/ Type 2 AC,142kW,Self Service
SDMC,"Meharchand Market, New Delhi","Electric Vehicle Charger, Meharchand Market, New Delhi",28.5881111,77.2175556,CCS/ChADEMO/ Type 2 AC,142kW,Self Service
SDMC,RK Puram Sector 12 Market,"Electric Vehicle Charger, RK Puram Sector 12 Market",28.5743032,77.1765548,CCS/ChADEMO/ Type 2 AC,142kW,Self Service
SDMC,RK Puram Sector 12 Market,"Electric Vehicle Charger, RK Puram Sector 12 Market",28.5743032,77.1765548,CCS/ChADEMO/ Type 2 AC,142kW,Self Service
CMRL,Saidapet Metro station,"Electric Vehicle Charger, Saidapet Metro station",13.0237197,80.2282092,CCS/ChADEMO/ Type 2 AC,142kW,Self Service
CMRL,Saidapet Metro station,"Electric Vehicle Charger, Saidapet Metro station",13.0237197,80.2282092,CCS/ChADEMO/ Type 2 AC,142kW,Self Service
CMRL,"Tirumangalam Metro station, Chennai","Electric Vehicle Charger, Tirumangalam Metro station, Chennai",12.9918445,80.1418013,DC-001,15 kW,Self Service
CMRL,Saidapet Metro station,"Electric Vehicle Charger, Saidapet Metro station",13.0237197,80.2282092,DC-001,15 kW,Self Service
NDMC,"DLF Building, Sansad Marg, Janpath, Connaught Place, New Delhi 110001.","Electric Vehicle Charger, DLF Building, Sansad Marg, Janpath, Connaught Place, New Delhi 110001.",28.6212385,77.2183048,DC-001,15 kW,Self Service
NDMC,"Talkatora Stadium, President's Estate, New Delhi110004","Electric Vehicle Charger, Talkatora Stadium, President's Estate, New Delhi110004",28.6252943,77.1952344,DC-001,15 kW,Self Service
NKDA,"ECO Park,Gate No1,West Bengal:700156","Electric Vehicle Charger, ECO Park,Gate No1,West Bengal:700156",22.5833562,88.4593418,AC-001,10(3.3 kW each),Self Service
NKDA,"Shapoorji complex,New Town,kolkata,West Bengal:700135","Electric Vehicle Charger, Shapoorji complex,New Town,kolkata,West Bengal:700135",22.5691795,88.5090643,AC-001,10(3.3 kW each),Self Service
NKDA,"ECO Park,Gate No1,West Bengal:700156","Electric Vehicle Charger, ECO Park,Gate No1,West Bengal:700156",22.5833562,88.4593418,DC-001,15 kW,Self Service
NKDA,"Shapoorji complex,New Town,kolkata,West Bengal:700135","Electric Vehicle Charger, Shapoorji complex,New Town,kolkata,West Bengal:700135",22.5691795,88.5090643,DC-001,15 kW,Self Service
ANERT,"State Council For Child Welfare, CV Raman Pillai Rd, Near Kerala, Housing Board, Thycaud, Thiruvananthapuram, Kerala 695014","Electric Vehicle Charger, State Council For Child Welfare, CV Raman Pillai Rd, Near Kerala, Housing Board, Thycaud, Thiruvananthapuram, Kerala 695014",8.491622,76.9562469,CCS/ChADEMO/ Type 2 AC,142kW,Self Service
ANERT,"Shanghumukham beach, thiruvananthapuram,Kerala- 605007","Electric Vehicle Charger, Shanghumukham beach, thiruvananthapuram,Kerala- 605007",8.4810515,76.9126218,DC-001,15 kW,Self Service
ANERT,"KTDC Tourist Reception Centre Shanmugham road, Ernakulam, Marine drive, Kochi Kerala-682031","Electric Vehicle Charger, KTDC Tourist Reception Centre Shanmugham road, Ernakulam, Marine drive, Kochi Kerala-682031",9.9769209,76.2777812,DC-001,15 kW,Self Service
ANERT,"State Council For Child Welfare, CV Raman Pillai Rd, Near Kerala, Housing Board, Thycaud, Thiruvananthapuram, Kerala 695014","Electric Vehicle Charger, State Council For Child Welfare, CV Raman Pillai Rd, Near Kerala, Housing Board, Thycaud, Thiruvananthapuram, Kerala 695014",8.491622,76.9562469,DC-001,15 kW,Self Service
SDMC,"EESL PVR Priya Vasant Vihar, SDMC parking New Delhi, Near Plot 7","Electric Vehicle Charger, EESL PVR Priya Vasant Vihar, SDMC parking New Delhi, Near Plot 7",28.5576621,77.1576843,DC-001,15 kW,Self Service
